[{"model": "travelapp.route", "pk": 1, "fields": {"name": "Путешествие в историю", "type": 2, "base_price": "10000.00", "short_desc": "Lorem ipsum dolor sit amet, consectetur adipisicing elit. Aliquam aliquid amet animi commodi consequuntur cum cumque cupiditate dolore enim esse et eum ex.", "long_desc": "Lorem ipsum dolor sit amet, consectetur adipisicing elit. Aliquam aliquid amet animi commodi consequuntur cum cumque cupiditate dolore enim esse et eum ex excepturi expedita, in itaque magnam molestiae nam natus nulla optio praesentium quae quidem quod quos recusandae saepe similique suscipit tenetur, vero. Accusantium animi, asperiores assumenda consectetur consequuntur corporis cum deserunt dicta, doloremque, eius eos error eveniet expedita facere id laudantium libero maxime necessitatibus pariatur porro quam qui quidem quisquam quod reiciendis rerum saepe tempore totam vitae voluptatibus. Commodi minus perferendis quae rem. At atque blanditiis dolor nihil repellat sed similique temporibus voluptatibus. Asperiores magnam minima porro ut.", "location": 22, "duration": 3, "length": 40.0, "complexity": 3, "added_at": "2021-02-25T15:02:57.894Z", "featured_photo": "static/img/pexels-kaique-rocha-775201_h8QHdL7.jpg", "is_active": true, "is_checked": true, "instructor": 1}}, {"model": "travelapp.route", "pk": 2, "fields": {"name": "Путешествие на лодках", "type": 3, "base_price": "3000.00", "short_desc": "Lorem ipsum dolor sit amet, consectetur adipisicing elit. Aliquam aliquid amet animi commodi consequuntur cum cumque cupiditate dolore enim esse et eum ex.", "long_desc": "Lorem ipsum dolor sit amet, consectetur adipisicing elit. Aliquam aliquid amet animi commodi consequuntur cum cumque cupiditate dolore enim esse et eum ex excepturi expedita, in itaque magnam molestiae nam natus nulla optio praesentium quae quidem quod quos recusandae saepe similique suscipit tenetur, vero. Accusantium animi, asperiores assumenda consectetur consequuntur corporis cum deserunt dicta, doloremque, eius eos error eveniet expedita facere id laudantium libero maxime necessitatibus pariatur porro quam qui quidem quisquam quod reiciendis rerum saepe tempore totam vitae voluptatibus. Commodi minus perferendis quae rem. At atque blanditiis dolor nihil repellat sed similique temporibus voluptatibus. Asperiores magnam minima porro ut.", "location": 17, "duration": 2, "length": 25.0, "complexity": 2, "added_at": "2021-02-25T15:02:57.908Z", "featured_photo": "static/img/pexels-nejc-košir-338936.jpg", "is_active": true, "is_checked": true, "instructor": 1}}, {"model": "travelapp.route", "pk": 3, "fields": {"name": "Путешествие в будущее", "type": 1, "base_price": "1000.00", "short_desc": "Lorem ipsum dolor sit amet, consectetur adipisicing elit. Aliquam aliquid amet animi commodi consequuntur cum cumque cupiditate dolore enim esse et eum ex.", "long_desc": "Lorem ipsum dolor sit amet, consectetur adipisicing elit. Aliquam aliquid amet animi commodi consequuntur cum cumque cupiditate dolore enim esse et eum ex excepturi expedita, in itaque magnam molestiae nam natus nulla optio praesentium quae quidem quod quos recusandae saepe similique suscipit tenetur, vero. Accusantium animi, asperiores assumenda consectetur consequuntur corporis cum deserunt dicta, doloremque, eius eos error eveniet expedita facere id laudantium libero maxime necessitatibus pariatur porro quam qui quidem quisquam quod reiciendis rerum saepe tempore totam vitae voluptatibus. Commodi minus perferendis quae rem. At atque blanditiis dolor nihil repellat sed similique temporibus voluptatibus. Asperiores magnam minima porro ut.", "location": 8, "duration": 1, "length": 5.0, "complexity": 1, "added_at": "2021-02-25T15:02:57.919Z", "featured_photo": "static/img/pexels-pixabay-459225.jpg", "is_active": true, "is_checked": true, "instructor": 2}}, {"model": "travelapp.route", "pk": 11, "fields": {"name": "Заезд по миру", "type": 2, "base_price": "16000.00", "short_desc": "Lorem ipsum dolor sit amet, consectetur adipisicing elit. At autem distinctio, earum enim fugit in numquam odit. Accusantium, dicta doloremque eaque facere id ipsam itaque magni minima minus molestias mollitia nemo, nihil odio possimus quidem, quos tempora tenetur vel voluptas.", "long_desc": "Lorem ipsum dolor sit amet, consectetur adipisicing elit. Ab amet culpa, debitis error esse harum ipsum laboriosam molestiae necessitatibus nostrum pariatur perspiciatis provident repellat velit veniam! Aperiam at consequuntur corporis culpa dolor labore minus nemo non obcaecati officia perspiciatis, quaerat quibusdam quisquam soluta sunt. Amet dolor excepturi repudiandae ut. Adipisci aliquam commodi corporis debitis dignissimos ducimus enim esse maxime, modi nam, nesciunt pariatur perferendis possimus, saepe unde. Architecto consectetur doloremque eaque necessitatibus odio porro quisquam saepe vel voluptatem! Asperiores cum delectus deserunt, eaque exercitationem hic illum nulla placeat quia tenetur. Adipisci ipsa officia officiis quidem ut? Aliquid aut dignissimos dolorum error ex, harum iste maiores necessitatibus nisi non nostrum officia officiis placeat, praesentium quasi qui recusandae sequi ut? Ad aperiam atque blanditiis culpa cumque deserunt doloribus dolorum eos est et exercitationem fugit illum in ipsa iste modi nam natus, nemo nisi nostrum numquam obcaecati officiis placeat quasi quia quos ratione sint sit soluta tempore unde ut velit veniam! Ad asperiores aut dicta dolor dolorem, enim eveniet id non officia placeat possimus reprehenderit similique tenetur totam ut voluptatem voluptates voluptatum? Ab alias amet animi dolor dolore doloremque dolorum esse facilis in ipsa, magni mollitia natus officia placeat repellendus repudiandae temporibus, ullam!", "location": 22, "duration": 4, "length": 23.0, "complexity": 2, "added_at": "2021-02-25T15:03:12.007Z", "featured_photo": "static/img/pexels-pixabay-460621_PIoOurT.jpg", "is_active": true, "is_checked": true, "instructor": 1}}, {"model": "travelapp.routephoto", "pk": 32, "fields": {"image": "static/route_photos/pexels-francesco-ungaro-1671324_uuJX5Je.jpg", "added_at": "2021-02-25T15:03:12.013Z", "route": 11}}, {"model": "travelapp.routephoto", "pk": 33, "fields": {"image": "static/route_photos/pexels-mali-maeder-109391_j6WNCS6.jpg", "added_at": "2021-02-25T15:03:12.016Z", "route": 11}}, {"model": "travelapp.routephoto", "pk": 34, "fields": {"image": "static/route_photos/pexels-david-bartus-2415927_uyoNffR.jpg", "added_at": "2021-02-25T15:03:12.019Z", "route": 11}}, {"model": "travelapp.trip", "pk": 1, "fields": {"route": 1, "price": "11000.00", "announced_at": "2021-02-25T15:02:57.933Z", "starts_at": "2021-05-01T07:00:00Z", "ends_at": "2021-05-03T07:00:00Z", "instructor": 1, "kids": 0, "adults": 0, "max_group_size": 20}}, {"model": "travelapp.trip", "pk": 2, "fields": {"route": 1, "price": "10500.00", "announced_at": "2021-02-25T15:02:57.945Z", "starts_at": "2021-04-01T07:00:00Z", "ends_at": "2021-04-03T07:00:00Z", "instructor": 1, "kids": 0, "adults": 0, "max_group_size": 20}}, {"model": "travelapp.trip", "pk": 3, "fields": {"route": 2, "price": "3000.00", "announced_at": "2021-02-25T15:02:57.957Z", "starts_at": "2021-03-01T07:00:00Z", "ends_at": "2021-03-04T07:00:00Z", "instructor": 1, "kids": 2, "adults": 1, "max_group_size": 10}}, {"model": "travelapp.trip", "pk": 4, "fields": {"route": 3, "price": "1400.00", "announced_at": "2021-02-25T15:02:57.970Z", "starts_at": "2021-03-11T17:00:00Z", "ends_at": "2021-03-12T17:00:00Z", "instructor": 2, "kids": 0, "adults": 1, "max_group_size": 10}}, {"model": "travelapp.tripoptionavailable", "pk": 1, "fields": {"name": 1, "price": "1000.00", "trip": [1, 2, 3, 4]}}, {"model": "travelapp.tripoptionavailable", "pk": 2, "fields": {"name": 2, "price": "2000.00", "trip": [3]}}, {"model": "travelapp.tripoptionavailable", "pk": 3, "fields": {"name": 4, "price": "3000.00", "trip": [1, 2]}}, {"model": "travelapp.district", "pk": 1, "fields": {"name": "Центральный"}}, {"model": "travelapp.district", "pk": 2, "fields": {"name": "Северо-Западный"}}, {"model": "travelapp.district", "pk": 3, "fields": {"name": "Южный"}}, {"model": "travelapp.district", "pk": 4, "fields": {"name": "Северо-Кавказский"}}, {"model": "travelapp.district", "pk": 5, "fields": {"name": "Приволжский"}}, {"model": "travelapp.district", "pk": 6, "fields": {"name": "Уральский"}}, {"model": "travelapp.district", "pk": 7, "fields": {"name": "Сибирский"}}, {"model": "travelapp.district", "pk": 8, "fields": {"name": "Дальневосточный"}}, {"model": "travelapp.region", "pk": 1, "fields": {"name": "Белгородская область", "district": 1}}, {"model": "travelapp.region", "pk": 2, "fields": {"name": "Брянская область", "district": 1}}, {"model": "travelapp.region", "pk": 3, "fields": {"name": "Ивановская область", "district": 1}}, {"model": "travelapp.region", "pk": 4, "fields": {"name": "Калужская область", "district": 1}}, {"model": "travelapp.region", "pk": 5, "fields": {"name": "Костромская область", "district": 1}}, {"model": "travelapp.region", "pk": 6, "fields": {"name": "Курганская область", "district": 1}}, {"model": "travelapp.region", "pk": 7, "fields": {"name": "Липецкая область", "district": 1}}, {"model": "travelapp.region", "pk": 8, "fields": {"name": "Москва", "district": 1}}, {"model": "travelapp.region", "pk": 9, "fields": {"name": "Московская область", "district": 1}}, {"model": "travelapp.region", "pk": 10, "fields": {"name": "Орловская область", "district": 1}}, {"model": "travelapp.region", "pk": 11, "fields": {"name": "Рязанская область", "district": 1}}, {"model": "travelapp.region", "pk": 12, "fields": {"name": "Смоленская область", "district": 1}}, {"model": "travelapp.region", "pk": 13, "fields": {"name": "Тамбовская область", "district": 1}}, {"model": "travelapp.region", "pk": 14, "fields": {"name": "Тверская область", "district": 1}}, {"model": "travelapp.region", "pk": 15, "fields": {"name": "Тульская область", "district": 1}}, {"model": "travelapp.region", "pk": 16, "fields": {"name": "Ярославская область", "district": 1}}, {"model": "travelapp.region", "pk": 17, "fields": {"name": "Республика Карелия", "district": 2}}, {"model": "travelapp.region", "pk": 18, "fields": {"name": "Республика Коми", "district": 2}}, {"model": "travelapp.region", "pk": 19, "fields": {"name": "Архангельская область", "district": 2}}, {"model": "travelapp.region", "pk": 20, "fields": {"name": "Вологодская область", "district": 2}}, {"model": "travelapp.region", "pk": 21, "fields": {"name": "Калининградская область", "district": 2}}, {"model": "travelapp.region", "pk": 22, "fields": {"name": "Ленинградская область", "district": 2}}, {"model": "travelapp.region", "pk": 23, "fields": {"name": "Мурманская область", "district": 2}}, {"model": "travelapp.region", "pk": 24, "fields": {"name": "Новгородская область", "district": 2}}, {"model": "travelapp.region", "pk": 25, "fields": {"name": "Псковская область", "district": 2}}, {"model": "travelapp.region", "pk": 26, "fields": {"name": "Санкт-Петербург", "district": 2}}, {"model": "travelapp.region", "pk": 27, "fields": {"name": "Ненецкий автономный округ", "district": 2}}, {"model": "travelapp.region", "pk": 28, "fields": {"name": "Республика Адыгея", "district": 3}}, {"model": "travelapp.region", "pk": 29, "fields": {"name": "Республика Калмыкия", "district": 3}}, {"model": "travelapp.region", "pk": 30, "fields": {"name": "Республика Крым", "district": 3}}, {"model": "travelapp.region", "pk": 31, "fields": {"name": "Астраханская область", "district": 3}}, {"model": "travelapp.region", "pk": 32, "fields": {"name": "Волгоградская область", "district": 3}}, {"model": "travelapp.region", "pk": 33, "fields": {"name": "Ростовская область", "district": 3}}, {"model": "travelapp.region", "pk": 34, "fields": {"name": "Краснодарский край", "district": 3}}, {"model": "travelapp.region", "pk": 35, "fields": {"name": "город Севастополь", "district": 3}}, {"model": "travelapp.region", "pk": 36, "fields": {"name": "Республика Дагестан", "district": 4}}, {"model": "travelapp.region", "pk": 37, "fields": {"name": "Республика Ингушетия", "district": 4}}, {"model": "travelapp.region", "pk": 38, "fields": {"name": "Республика Северная Осетия - Алания", "district": 4}}, {"model": "travelapp.region", "pk": 39, "fields": {"name": "Кабардино-Балкария Республика", "district": 4}}, {"model": "travelapp.region", "pk": 40, "fields": {"name": "Карачаево-Черкесия Республика", "district": 4}}, {"model": "travelapp.region", "pk": 41, "fields": {"name": "Чеченская Республика", "district": 4}}, {"model": "travelapp.region", "pk": 42, "fields": {"name": "Ставропольский край", "district": 4}}, {"model": "travelapp.region", "pk": 43, "fields": {"name": "Республика Башкортостан", "district": 5}}, {"model": "travelapp.region", "pk": 44, "fields": {"name": "Республика Марий Эл", "district": 5}}, {"model": "travelapp.region", "pk": 45, "fields": {"name": "Республика Мордовия", "district": 5}}, {"model": "travelapp.region", "pk": 46, "fields": {"name": "Республика Татарстан", "district": 5}}, {"model": "travelapp.region", "pk": 47, "fields": {"name": "Удмурская Республика", "district": 5}}, {"model": "travelapp.region", "pk": 48, "fields": {"name": "Чувашская Республика", "district": 5}}, {"model": "travelapp.region", "pk": 49, "fields": {"name": "Кировская область", "district": 5}}, {"model": "travelapp.region", "pk": 50, "fields": {"name": "Нижегородская область", "district": 5}}, {"model": "travelapp.region", "pk": 51, "fields": {"name": "Оренбургская область", "district": 5}}, {"model": "travelapp.region", "pk": 52, "fields": {"name": "Пензенская область", "district": 5}}, {"model": "travelapp.region", "pk": 53, "fields": {"name": "Пермский край", "district": 5}}, {"model": "travelapp.region", "pk": 54, "fields": {"name": "Самарская область", "district": 5}}, {"model": "travelapp.region", "pk": 55, "fields": {"name": "Саратовская область", "district": 5}}, {"model": "travelapp.region", "pk": 56, "fields": {"name": "Ульяновская область", "district": 5}}, {"model": "travelapp.region", "pk": 57, "fields": {"name": "Курганская область", "district": 6}}, {"model": "travelapp.region", "pk": 58, "fields": {"name": "Свердловская область", "district": 6}}, {"model": "travelapp.region", "pk": 59, "fields": {"name": "Тюменская область", "district": 6}}, {"model": "travelapp.region", "pk": 60, "fields": {"name": "Ханты-Мансийский автономный округ - Югра", "district": 6}}, {"model": "travelapp.region", "pk": 61, "fields": {"name": "Челябинская область", "district": 6}}, {"model": "travelapp.region", "pk": 62, "fields": {"name": "Ямало-Ненецкий автономный округ", "district": 6}}, {"model": "travelapp.region", "pk": 63, "fields": {"name": "Республика Алтай", "district": 7}}, {"model": "travelapp.region", "pk": 64, "fields": {"name": "Республика Тыва", "district": 7}}, {"model": "travelapp.region", "pk": 65, "fields": {"name": "Республика Хакасия", "district": 7}}, {"model": "travelapp.region", "pk": 66, "fields": {"name": "Алтайский край", "district": 7}}, {"model": "travelapp.region", "pk": 67, "fields": {"name": "Красноярский край", "district": 7}}, {"model": "travelapp.region", "pk": 68, "fields": {"name": "Иркутская область", "district": 7}}, {"model": "travelapp.region", "pk": 69, "fields": {"name": "Кемеровская область - Кузбасс", "district": 7}}, {"model": "travelapp.region", "pk": 70, "fields": {"name": "Новосибирская область", "district": 7}}, {"model": "travelapp.region", "pk": 71, "fields": {"name": "Омская область", "district": 7}}, {"model": "travelapp.region", "pk": 72, "fields": {"name": "Томская область", "district": 7}}, {"model": "travelapp.region", "pk": 73, "fields": {"name": "Республика Бурятия", "district": 8}}, {"model": "travelapp.region", "pk": 74, "fields": {"name": "Республика Саха", "district": 8}}, {"model": "travelapp.region", "pk": 75, "fields": {"name": "Забайкальский край", "district": 8}}, {"model": "travelapp.region", "pk": 76, "fields": {"name": "Приморский край", "district": 8}}, {"model": "travelapp.region", "pk": 77, "fields": {"name": "Камчатский край", "district": 8}}, {"model": "travelapp.region", "pk": 78, "fields": {"name": "Хабаровский край", "district": 8}}, {"model": "travelapp.region", "pk": 79, "fields": {"name": "Амурская область", "district": 8}}, {"model": "travelapp.region", "pk": 80, "fields": {"name": "Магаданская область", "district": 8}}, {"model": "travelapp.region", "pk": 81, "fields": {"name": "Сахалинская область", "district": 8}}, {"model": "travelapp.region", "pk": 82, "fields": {"name": "Еврейская автономная область", "district": 8}}, {"model": "travelapp.region", "pk": 83, "fields": {"name": "Чукотский автономный округ", "district": 8}}, {"model": "authapp.appuser", "pk": 1, "fields": {"password": "pbkdf2_sha256$216000$5TZ3BzvqrWZu$6WWLi+OJZfimCj8GFk6ieUTvOn8yvo/HWAqEe/wM+tI=", "last_login": "2021-03-04T11:53:12.457Z", "is_superuser": false, "username": "test2", "first_name": "Дмитрий Олегович", "last_name": "Юдин", "is_staff": false, "is_active": true, "date_joined": "2021-02-27T15:46:21.477Z", "avatar": "static/user_pics/photo_2020-11-05_23-58-07_G78WTgG.jpg", "date_of_birth": "2001-02-27", "activation_key": "", "activation_key_expiry": "2021-02-28T15:45:34.323Z", "gender": 2, "phone": "+7(000)000-0000", "email": "geekpython01@mail.ru", "is_instructor": false, "is_traveler": true, "groups": [], "user_permissions": []}}, {"model": "authapp.appuser", "pk": 2, "fields": {"password": "pbkdf2_sha256$216000$gi85cElvxiV1$1H8bmbHPICR98QdqYPwfs3FHBuPZSkhh76nlZaHRLGU=", "last_login": "2021-03-01T13:29:07.573Z", "is_superuser": false, "username": "ins1", "first_name": "Сергей Викторович", "last_name": "Быков", "is_staff": false, "is_active": true, "date_joined": "2021-02-25T15:02:57.854Z", "avatar": "", "date_of_birth": "2021-02-25", "activation_key": "", "activation_key_expiry": "2021-02-26T15:02:57.373Z", "gender": 2, "phone": "+7-999-999-99-99", "email": "test1@test.app", "is_instructor": true, "is_traveler": false, "groups": [], "user_permissions": []}}, {"model": "authapp.appuser", "pk": 3, "fields": {"password": "pbkdf2_sha256$216000$gi85cElvxiV1$1H8bmbHPICR98QdqYPwfs3FHBuPZSkhh76nlZaHRLGU=", "last_login": null, "is_superuser": false, "username": "ins2", "first_name": "Алексей Владимирович", "last_name": "Иванов", "is_staff": false, "is_active": true, "date_joined": "2021-02-25T15:02:57.870Z", "avatar": "", "date_of_birth": "2021-02-25", "activation_key": "", "activation_key_expiry": "2021-02-26T15:02:57.373Z", "gender": 2, "phone": "+7-999-999-99-98", "email": "test2@test.app", "is_instructor": true, "is_traveler": false, "groups": [], "user_permissions": []}}, {"model": "authapp.appuser", "pk": 12, "fields": {"password": "pbkdf2_sha256$216000$rgg2j7shQwFG$lHVZGnaPde+2wDgOjiuY0AxOSV2Qfwa71mNC/ri7K3k=", "last_login": "2021-02-28T12:52:45.971Z", "is_superuser": true, "username": "django", "first_name": "", "last_name": "", "is_staff": true, "is_active": true, "date_joined": "2021-02-25T15:02:57.569Z", "avatar": "", "date_of_birth": "2021-02-25", "activation_key": "", "activation_key_expiry": "2021-02-26T15:02:57.373Z", "gender": 1, "phone": "+7-999-999-99-00", "email": "test@test.app", "is_instructor": false, "is_traveler": false, "groups": [], "user_permissions": []}}, {"model": "authapp.appuser", "pk": 13, "fields": {"password": "pbkdf2_sha256$216000$bCS7BBBniLAN$wAqsOKJRHteM2ykq1DHHpVNz9GMZcXnJVNjD2f+37k8=", "last_login": "2021-02-26T11:57:57.313Z", "is_superuser": false, "username": "tester", "first_name": "Владислав", "last_name": "Чекунов", "is_staff": false, "is_active": true, "date_joined": "2021-02-26T11:57:57.103Z", "avatar": "", "date_of_birth": "2001-02-26", "activation_key": "", "activation_key_expiry": "2021-02-27T11:56:25.967Z", "gender": 2, "phone": "+7-999-999-99-11", "email": "test@test.test", "is_instructor": false, "is_traveler": true, "groups": [], "user_permissions": []}}, {"model": "authapp.traveler", "pk": 1, "fields": {"user": 1, "about": "Обо мне", "home_region": "Санкт-Петербург, Россия", "following": [], "trips_completed": []}}, {"model": "authapp.traveler", "pk": 3, "fields": {"user": 13, "about": "Обо мне", "home_region": "Санкт-Петербург, Россия", "following": [], "trips_completed": []}}, {"model": "authapp.instructor", "pk": 1, "fields": {"user": 2, "about": "Test instructor 1", "home_region": "Москва, Россия", "routes_run": 15, "is_active": true}}, {"model": "authapp.instructor", "pk": 2, "fields": {"user": 3, "about": "Test instructor 2", "home_region": "Иркутск, Россия", "routes_run": 35, "is_active": true}}, {"model": "ordersapp.orderitem", "pk": 1, "fields": {"traveler": 1, "trip": 3, "adults_amount": 1, "kids_amount": 2, "contact_phone": "+7(000)000-0000", "contact_email": "geekpython01@mail.ru", "notes": "побыстрее бы!", "options_used": [1]}}, {"model": "ordersapp.orderitem", "pk": 2, "fields": {"traveler": 1, "trip": 4, "adults_amount": 1, "kids_amount": 0, "contact_phone": "+7(000)000-0000", "contact_email": "geekpython01@mail.ru", "notes": "", "options_used": [1]}}, {"model": "socialapp.comment", "pk": 1, "fields": {"author": 1, "content": "Вышло очень хорошо, спасибо инструктору за отличную организацию!", "added_at": "2021-03-04T12:22:06.271Z", "is_allowed": true, "is_active": true}}, {"model": "socialapp.comment", "pk": 2, "fields": {"author": 1, "content": "Вышло весьма неплохо, хорошая работа!", "added_at": "2021-03-04T13:41:17.120Z", "is_allowed": true, "is_active": true}}, {"model": "socialapp.tripcomment", "pk": 1, "fields": {"trip": 1, "score": 5}}, {"model": "socialapp.tripcomment", "pk": 2, "fields": {"trip": 3, "score": 4}}, {"model": "socialapp.commentphoto", "pk": 1, "fields": {"comment": 2, "added_at": "2021-03-04T13:41:17.122Z", "image": "static/comment_media/pexels-mali-maeder-109391.jpg"}}, {"model": "socialapp.commentphoto", "pk": 2, "fields": {"comment": 2, "added_at": "2021-03-04T13:41:17.126Z", "image": "static/comment_media/pexels-pixabay-266436.jpg"}}]